ID1,ID2,obsdttm,obsval
1,2,1/1/2011 0:00,230
1,2,1/12/2013 0:00,214
1,2,1/14/2012 0:00,248
1,2,1/15/2011 0:00,332
1,2,1/19/2013 0:00,184
1,2,1/21/2012 0:00,250
1,2,1/22/2011 0:00,280
1,2,1/26/2013 0:00,156
1,2,1/28/2012 0:00,206
1,2,1/29/2011 0:00,214
1,2,1/5/2013 0:00,202
1,2,1/7/2012 0:00,274
1,2,1/8/2011 0:00,268
1,2,10/1/2011 0:00,314
1,2,10/12/2013 0:00,238
1,2,10/13/2012 0:00,226
1,2,10/15/2011 0:00,318
1,2,10/19/2013 0:00,174
1,2,10/20/2012 0:00,248
1,2,10/22/2011 0:00,250
1,2,10/26/2013 0:00,164
1,2,10/27/2012 0:00,162
1,2,10/29/2011 0:00,222
1,2,10/5/2013 0:00,178
1,2,10/6/2012 0:00,214
1,2,10/8/2011 0:00,398
1,2,11/10/2012 0:00,244
1,2,11/12/2011 0:00,340
1,2,11/13/2010 0:00,130
1,2,11/16/2013 0:00,170
1,2,11/17/2012 0:00,188
1,2,11/19/2011 0:00,268
1,2,11/20/2010 0:00,222
1,2,11/23/2013 0:00,176
1,2,11/24/2012 0:00,138
1,2,11/26/2011 0:00,222
1,2,11/27/2010 0:00,166
1,2,11/3/2012 0:00,204
1,2,11/30/2013 0:00,160
1,2,11/5/2011 0:00,240
1,2,11/9/2013 0:00,212
1,2,12/1/2012 0:00,202
1,2,12/10/2011 0:00,320
1,2,12/11/2010 0:00,236
1,2,12/14/2013 0:00,208
1,2,12/15/2012 0:00,152
1,2,12/17/2011 0:00,252
1,2,12/18/2010 0:00,350
1,2,12/21/2013 0:00,126
1,2,12/22/2012 0:00,168
1,2,12/24/2011 0:00,244
1,2,12/25/2010 0:00,216
1,2,12/28/2013 0:00,168
1,2,12/29/2012 0:00,140
1,2,12/3/2011 0:00,208
1,2,12/31/2011 0:00,248
1,2,12/4/2010 0:00,174
1,2,12/7/2013 0:00,210
1,2,12/8/2012 0:00,194
1,2,2/11/2012 0:00,334
1,2,2/12/2011 0:00,276
1,2,2/16/2013 0:00,200
1,2,2/18/2012 0:00,248
1,2,2/19/2011 0:00,218
1,2,2/2/2013 0:00,136
1,2,2/23/2013 0:00,184
1,2,2/25/2012 0:00,284
1,2,2/26/2011 0:00,226
1,2,2/4/2012 0:00,190
1,2,2/5/2011 0:00,220
1,2,2/9/2013 0:00,208
1,2,3/10/2012 0:00,258
1,2,3/12/2011 0:00,340
1,2,3/16/2013 0:00,246
1,2,3/17/2012 0:00,276
1,2,3/19/2011 0:00,212
1,2,3/2/2013 0:00,162
1,2,3/23/2013 0:00,182
1,2,3/24/2012 0:00,270
1,2,3/26/2011 0:00,300
1,2,3/3/2012 0:00,228
1,2,3/30/2013 0:00,190
1,2,3/31/2012 0:00,222
1,2,3/5/2011 0:00,246
1,2,3/9/2013 0:00,218
1,2,4/13/2013 0:00,242
1,2,4/14/2012 0:00,310
1,2,4/16/2011 0:00,390
1,2,4/2/2011 0:00,214
1,2,4/20/2013 0:00,224
1,2,4/21/2012 0:00,314
1,2,4/23/2011 0:00,346
1,2,4/27/2013 0:00,164
1,2,4/28/2012 0:00,274
1,2,4/30/2011 0:00,402
1,2,4/6/2013 0:00,200
1,2,4/7/2012 0:00,332
1,2,4/9/2011 0:00,348
1,2,5/11/2013 0:00,198
1,2,5/12/2012 0:00,288
1,2,5/14/2011 0:00,318
1,2,5/18/2013 0:00,202
1,2,5/19/2012 0:00,200
1,2,5/21/2011 0:00,286
1,2,5/25/2013 0:00,158
1,2,5/26/2012 0:00,230
1,2,5/28/2011 0:00,250
1,2,5/4/2013 0:00,184
1,2,5/5/2012 0:00,334
1,2,5/7/2011 0:00,306
1,2,6/1/2013 0:00,228
1,2,6/11/2011 0:00,334
1,2,6/15/2013 0:00,186
1,2,6/16/2012 0:00,246
1,2,6/18/2011 0:00,256
1,2,6/2/2012 0:00,234
1,2,6/22/2013 0:00,202
1,2,6/23/2012 0:00,216
1,2,6/25/2011 0:00,264
1,2,6/29/2013 0:00,192
1,2,6/30/2012 0:00,272
1,2,6/4/2011 0:00,170
1,2,6/8/2013 0:00,228
1,2,6/9/2012 0:00,294
1,2,7/13/2013 0:00,236
1,2,7/14/2012 0:00,200
1,2,7/16/2011 0:00,352
1,2,7/2/2011 0:00,226
1,2,7/20/2013 0:00,192
1,2,7/21/2012 0:00,216
1,2,7/23/2011 0:00,248
1,2,7/27/2013 0:00,172
1,2,7/28/2012 0:00,220
1,2,7/30/2011 0:00,262
1,2,7/6/2013 0:00,226
1,2,7/7/2012 0:00,298
1,2,7/9/2011 0:00,290
1,2,8/10/2013 0:00,232
1,2,8/11/2012 0:00,324
1,2,8/13/2011 0:00,288
1,2,8/17/2013 0:00,186
1,2,8/18/2012 0:00,250
1,2,8/20/2011 0:00,198
1,2,8/24/2013 0:00,160
1,2,8/25/2012 0:00,252
1,2,8/27/2011 0:00,228
1,2,8/3/2013 0:00,156
1,2,8/31/2013 0:00,188
1,2,8/4/2012 0:00,254
1,2,8/6/2011 0:00,272
1,2,9/1/2012 0:00,200
1,2,9/10/2011 0:00,254
1,2,9/14/2013 0:00,268
1,2,9/15/2012 0:00,178
1,2,9/17/2011 0:00,292
1,2,9/21/2013 0:00,144
1,2,9/22/2012 0:00,188
1,2,9/24/2011 0:00,272
1,2,9/28/2013 0:00,160
1,2,9/29/2012 0:00,230
1,2,9/3/2011 0:00,200
1,2,9/7/2013 0:00,222
1,2,9/8/2012 0:00,244
2,1,1/1/2011 0:00,134
2,1,1/12/2013 0:00,128
2,1,1/14/2012 0:00,148
2,1,1/15/2011 0:00,128
2,1,1/19/2013 0:00,152
2,1,1/21/2012 0:00,188
2,1,1/22/2011 0:00,156
2,1,1/26/2013 0:00,278
2,1,1/28/2012 0:00,140
2,1,1/29/2011 0:00,182
2,1,1/5/2013 0:00,162
2,1,1/7/2012 0:00,164
2,1,1/8/2011 0:00,96
2,1,10/1/2011 0:00,106
2,1,10/12/2013 0:00,142
2,1,10/13/2012 0:00,112
2,1,10/15/2011 0:00,98
2,1,10/19/2013 0:00,168
2,1,10/20/2012 0:00,160
2,1,10/22/2011 0:00,120
2,1,10/26/2013 0:00,128
2,1,10/27/2012 0:00,144
2,1,10/29/2011 0:00,84
2,1,10/5/2013 0:00,112
2,1,10/6/2012 0:00,120
2,1,10/8/2011 0:00,104
2,1,11/10/2012 0:00,168
2,1,11/12/2011 0:00,130
2,1,11/13/2010 0:00,142
2,1,11/16/2013 0:00,146
2,1,11/17/2012 0:00,140
2,1,11/19/2011 0:00,124
2,1,11/20/2010 0:00,104
2,1,11/23/2013 0:00,166
2,1,11/24/2012 0:00,146
2,1,11/26/2011 0:00,112
2,1,11/27/2010 0:00,100
2,1,11/3/2012 0:00,146
2,1,11/30/2013 0:00,136
2,1,11/5/2011 0:00,116
2,1,11/6/2010 0:00,144
2,1,11/9/2013 0:00,164
2,1,12/1/2012 0:00,118
2,1,12/10/2011 0:00,140
2,1,12/11/2010 0:00,154
2,1,12/14/2013 0:00,132
2,1,12/15/2012 0:00,146
2,1,12/17/2011 0:00,112
2,1,12/18/2010 0:00,104
2,1,12/21/2013 0:00,196
2,1,12/22/2012 0:00,140
2,1,12/24/2011 0:00,136
2,1,12/25/2010 0:00,102
2,1,12/28/2013 0:00,184
2,1,12/29/2012 0:00,150
2,1,12/3/2011 0:00,106
2,1,12/31/2011 0:00,192
2,1,12/4/2010 0:00,128
2,1,12/7/2013 0:00,112
2,1,12/8/2012 0:00,70
2,1,2/11/2012 0:00,210
2,1,2/12/2011 0:00,174
2,1,2/16/2013 0:00,240
2,1,2/18/2012 0:00,150
2,1,2/19/2011 0:00,168
2,1,2/2/2013 0:00,156
2,1,2/23/2013 0:00,192
2,1,2/25/2012 0:00,114
2,1,2/26/2011 0:00,180
2,1,2/4/2012 0:00,156
2,1,2/5/2011 0:00,156
2,1,2/9/2013 0:00,110
2,1,3/10/2012 0:00,184
2,1,3/12/2011 0:00,206
2,1,3/16/2013 0:00,166
2,1,3/17/2012 0:00,126
2,1,3/19/2011 0:00,136
2,1,3/2/2013 0:00,230
2,1,3/23/2013 0:00,162
2,1,3/24/2012 0:00,96
2,1,3/26/2011 0:00,144
2,1,3/3/2012 0:00,148
2,1,3/30/2013 0:00,208
2,1,3/31/2012 0:00,114
2,1,3/5/2011 0:00,170
2,1,3/9/2013 0:00,220
2,1,4/13/2013 0:00,134
2,1,4/14/2012 0:00,112
2,1,4/16/2011 0:00,124
2,1,4/2/2011 0:00,146
2,1,4/20/2013 0:00,178
2,1,4/21/2012 0:00,148
2,1,4/23/2011 0:00,112
2,1,4/27/2013 0:00,212
2,1,4/28/2012 0:00,110
2,1,4/30/2011 0:00,134
2,1,4/6/2013 0:00,208
2,1,4/7/2012 0:00,118
2,1,4/9/2011 0:00,84
2,1,5/11/2013 0:00,208
2,1,5/12/2012 0:00,168
2,1,5/14/2011 0:00,180
2,1,5/18/2013 0:00,164
2,1,5/19/2012 0:00,180
2,1,5/21/2011 0:00,166
2,1,5/25/2013 0:00,152
2,1,5/26/2012 0:00,138
2,1,5/28/2011 0:00,148
2,1,5/4/2013 0:00,272
2,1,5/5/2012 0:00,132
2,1,5/7/2011 0:00,178
2,1,6/1/2013 0:00,206
2,1,6/11/2011 0:00,186
2,1,6/15/2013 0:00,172
2,1,6/16/2012 0:00,208
2,1,6/18/2011 0:00,188
2,1,6/2/2012 0:00,196
2,1,6/22/2013 0:00,156
2,1,6/23/2012 0:00,150
2,1,6/25/2011 0:00,230
2,1,6/29/2013 0:00,184
2,1,6/30/2012 0:00,148
2,1,6/4/2011 0:00,132
2,1,6/8/2013 0:00,234
2,1,6/9/2012 0:00,174
2,1,7/13/2013 0:00,136
2,1,7/14/2012 0:00,180
2,1,7/16/2011 0:00,114
2,1,7/2/2011 0:00,146
2,1,7/20/2013 0:00,148
2,1,7/21/2012 0:00,142
2,1,7/23/2011 0:00,102
2,1,7/27/2013 0:00,142
2,1,7/28/2012 0:00,134
2,1,7/30/2011 0:00,110
2,1,7/6/2013 0:00,264
2,1,7/7/2012 0:00,144
2,1,7/9/2011 0:00,142
2,1,8/10/2013 0:00,122
2,1,8/11/2012 0:00,202
2,1,8/13/2011 0:00,126
2,1,8/17/2013 0:00,160
2,1,8/18/2012 0:00,194
2,1,8/20/2011 0:00,68
2,1,8/24/2013 0:00,158
2,1,8/25/2012 0:00,154
2,1,8/27/2011 0:00,98
2,1,8/3/2013 0:00,114
2,1,8/31/2013 0:00,108
2,1,8/4/2012 0:00,136
2,1,8/6/2011 0:00,96
2,1,9/1/2012 0:00,134
2,1,9/10/2011 0:00,114
2,1,9/14/2013 0:00,146
2,1,9/15/2012 0:00,152
2,1,9/17/2011 0:00,80
2,1,9/21/2013 0:00,134
2,1,9/22/2012 0:00,142
2,1,9/24/2011 0:00,120
2,1,9/28/2013 0:00,122
2,1,9/29/2012 0:00,124
2,1,9/3/2011 0:00,112
2,1,9/7/2013 0:00,154
2,1,9/8/2012 0:00,154
3,1,1/1/2011 0:00,62
3,1,1/12/2013 0:00,38
3,1,1/14/2012 0:00,72
3,1,1/15/2011 0:00,64
3,1,1/19/2013 0:00,30
3,1,1/21/2012 0:00,62
3,1,1/22/2011 0:00,58
3,1,1/26/2013 0:00,34
3,1,1/28/2012 0:00,60
3,1,1/29/2011 0:00,120
3,1,1/5/2013 0:00,36
3,1,1/7/2012 0:00,56
3,1,1/8/2011 0:00,54
3,1,10/1/2011 0:00,32
3,1,10/12/2013 0:00,62
3,1,10/13/2012 0:00,60
3,1,10/15/2011 0:00,52
3,1,10/19/2013 0:00,54
3,1,10/20/2012 0:00,52
3,1,10/22/2011 0:00,44
3,1,10/26/2013 0:00,62
3,1,10/27/2012 0:00,52
3,1,10/29/2011 0:00,40
3,1,10/5/2013 0:00,44
3,1,10/6/2012 0:00,64
3,1,10/8/2011 0:00,68
3,1,11/10/2012 0:00,58
3,1,11/12/2011 0:00,62
3,1,11/13/2010 0:00,70
3,1,11/16/2013 0:00,74
3,1,11/17/2012 0:00,56
3,1,11/19/2011 0:00,76
3,1,11/20/2010 0:00,44
3,1,11/23/2013 0:00,62
3,1,11/24/2012 0:00,74
3,1,11/26/2011 0:00,72
3,1,11/27/2010 0:00,42
3,1,11/3/2012 0:00,58
3,1,11/30/2013 0:00,60
3,1,11/5/2011 0:00,52
3,1,11/6/2010 0:00,60
3,1,11/9/2013 0:00,54
3,1,12/1/2012 0:00,62
3,1,12/10/2011 0:00,40
3,1,12/11/2010 0:00,94
3,1,12/14/2013 0:00,80
3,1,12/15/2012 0:00,36
3,1,12/17/2011 0:00,66
3,1,12/18/2010 0:00,76
3,1,12/21/2013 0:00,70
3,1,12/22/2012 0:00,30
3,1,12/24/2011 0:00,72
3,1,12/25/2010 0:00,58
3,1,12/28/2013 0:00,50
3,1,12/29/2012 0:00,30
3,1,12/3/2011 0:00,30
3,1,12/31/2011 0:00,58
3,1,12/4/2010 0:00,58
3,1,12/7/2013 0:00,70
3,1,12/8/2012 0:00,46
3,1,2/11/2012 0:00,82
3,1,2/12/2011 0:00,86
3,1,2/16/2013 0:00,54
3,1,2/18/2012 0:00,92
3,1,2/19/2011 0:00,120
3,1,2/2/2013 0:00,28
3,1,2/23/2013 0:00,66
3,1,2/25/2012 0:00,62
3,1,2/26/2011 0:00,118
3,1,2/4/2012 0:00,62
3,1,2/5/2011 0:00,82
3,1,2/9/2013 0:00,54
3,1,3/10/2012 0:00,94
3,1,3/12/2011 0:00,116
3,1,3/16/2013 0:00,56
3,1,3/17/2012 0:00,78
3,1,3/19/2011 0:00,104
3,1,3/2/2013 0:00,68
3,1,3/23/2013 0:00,100
3,1,3/24/2012 0:00,96
3,1,3/26/2011 0:00,94
3,1,3/3/2012 0:00,62
3,1,3/30/2013 0:00,62
3,1,3/31/2012 0:00,92
3,1,3/5/2011 0:00,98
3,1,3/9/2013 0:00,60
3,1,4/13/2013 0:00,98
3,1,4/14/2012 0:00,120
3,1,4/16/2011 0:00,104
3,1,4/2/2011 0:00,84
3,1,4/20/2013 0:00,66
3,1,4/21/2012 0:00,78
3,1,4/23/2011 0:00,68
3,1,4/27/2013 0:00,102
3,1,4/28/2012 0:00,98
3,1,4/30/2011 0:00,56
3,1,4/6/2013 0:00,58
3,1,4/7/2012 0:00,90
3,1,4/9/2011 0:00,106
3,1,5/11/2013 0:00,98
3,1,5/12/2012 0:00,92
3,1,5/14/2011 0:00,78
3,1,5/18/2013 0:00,112
3,1,5/19/2012 0:00,94
3,1,5/21/2011 0:00,96
3,1,5/25/2013 0:00,74
3,1,5/26/2012 0:00,66
3,1,5/28/2011 0:00,64
3,1,5/4/2013 0:00,116
3,1,5/5/2012 0:00,96
3,1,5/7/2011 0:00,68
3,1,6/1/2013 0:00,76
3,1,6/11/2011 0:00,78
3,1,6/15/2013 0:00,98
3,1,6/16/2012 0:00,84
3,1,6/18/2011 0:00,88
3,1,6/2/2012 0:00,104
3,1,6/22/2013 0:00,76
3,1,6/23/2012 0:00,100
3,1,6/25/2011 0:00,80
3,1,6/29/2013 0:00,80
3,1,6/30/2012 0:00,92
3,1,6/4/2011 0:00,72
3,1,6/8/2013 0:00,106
3,1,6/9/2012 0:00,94
3,1,7/13/2013 0:00,100
3,1,7/14/2012 0:00,72
3,1,7/16/2011 0:00,102
3,1,7/2/2011 0:00,64
3,1,7/20/2013 0:00,80
3,1,7/21/2012 0:00,48
3,1,7/23/2011 0:00,58
3,1,7/27/2013 0:00,52
3,1,7/28/2012 0:00,60
3,1,7/30/2011 0:00,42
3,1,7/6/2013 0:00,114
3,1,7/7/2012 0:00,88
3,1,7/9/2011 0:00,96
3,1,8/10/2013 0:00,34
3,1,8/11/2012 0:00,72
3,1,8/13/2011 0:00,64
3,1,8/17/2013 0:00,52
3,1,8/18/2012 0:00,98
3,1,8/20/2011 0:00,58
3,1,8/24/2013 0:00,36
3,1,8/25/2012 0:00,82
3,1,8/27/2011 0:00,62
3,1,8/3/2013 0:00,40
3,1,8/31/2013 0:00,50
3,1,8/4/2012 0:00,62
3,1,8/6/2011 0:00,46
3,1,9/1/2012 0:00,34
3,1,9/10/2011 0:00,48
3,1,9/14/2013 0:00,68
3,1,9/15/2012 0:00,68
3,1,9/17/2011 0:00,54
3,1,9/21/2013 0:00,58
3,1,9/22/2012 0:00,54
3,1,9/24/2011 0:00,42
3,1,9/28/2013 0:00,40
3,1,9/29/2012 0:00,54
3,1,9/3/2011 0:00,58
3,1,9/7/2013 0:00,52
3,1,9/8/2012 0:00,56
4,2,1/1/2011 0:00,294
4,2,1/12/2013 0:00,310
4,2,1/14/2012 0:00,350
4,2,1/15/2011 0:00,476
4,2,1/19/2013 0:00,372
4,2,1/21/2012 0:00,306
4,2,1/22/2011 0:00,358
4,2,1/26/2013 0:00,232
4,2,1/28/2012 0:00,276
4,2,1/29/2011 0:00,298
4,2,1/5/2013 0:00,286
4,2,1/7/2012 0:00,372
4,2,1/8/2011 0:00,352
4,2,10/1/2011 0:00,442
4,2,10/12/2013 0:00,366
4,2,10/13/2012 0:00,356
4,2,10/15/2011 0:00,332
4,2,10/19/2013 0:00,306
4,2,10/20/2012 0:00,374
4,2,10/22/2011 0:00,346
4,2,10/26/2013 0:00,334
4,2,10/27/2012 0:00,272
4,2,10/29/2011 0:00,244
4,2,10/5/2013 0:00,374
4,2,10/6/2012 0:00,274
4,2,10/8/2011 0:00,402
4,2,11/10/2012 0:00,292
4,2,11/12/2011 0:00,412
4,2,11/13/2010 0:00,314
4,2,11/16/2013 0:00,324
4,2,11/17/2012 0:00,294
4,2,11/19/2011 0:00,350
4,2,11/20/2010 0:00,238
4,2,11/23/2013 0:00,280
4,2,11/24/2012 0:00,408
4,2,11/26/2011 0:00,256
4,2,11/27/2010 0:00,244
4,2,11/3/2012 0:00,346
4,2,11/30/2013 0:00,268
4,2,11/5/2011 0:00,368
4,2,11/6/2010 0:00,440
4,2,11/9/2013 0:00,312
4,2,12/1/2012 0:00,266
4,2,12/10/2011 0:00,400
4,2,12/11/2010 0:00,340
4,2,12/14/2013 0:00,330
4,2,12/15/2012 0:00,332
4,2,12/17/2011 0:00,372
4,2,12/18/2010 0:00,350
4,2,12/21/2013 0:00,314
4,2,12/22/2012 0:00,322
4,2,12/24/2011 0:00,332
4,2,12/25/2010 0:00,264
4,2,12/28/2013 0:00,278
4,2,12/29/2012 0:00,240
4,2,12/3/2011 0:00,360
4,2,12/31/2011 0:00,338
4,2,12/4/2010 0:00,346
4,2,12/7/2013 0:00,350
4,2,12/8/2012 0:00,278
4,2,2/11/2012 0:00,352
4,2,2/12/2011 0:00,436
4,2,2/16/2013 0:00,392
4,2,2/18/2012 0:00,386
4,2,2/19/2011 0:00,326
4,2,2/2/2013 0:00,198
4,2,2/23/2013 0:00,352
4,2,2/25/2012 0:00,194
4,2,2/26/2011 0:00,292
4,2,2/4/2012 0:00,318
4,2,2/5/2011 0:00,400
4,2,2/9/2013 0:00,364
4,2,3/10/2012 0:00,360
4,2,3/12/2011 0:00,416
4,2,3/16/2013 0:00,518
4,2,3/17/2012 0:00,366
4,2,3/19/2011 0:00,420
4,2,3/2/2013 0:00,262
4,2,3/23/2013 0:00,274
4,2,3/24/2012 0:00,252
4,2,3/26/2011 0:00,294
4,2,3/3/2012 0:00,244
4,2,3/30/2013 0:00,408
4,2,3/31/2012 0:00,278
4,2,3/5/2011 0:00,280
4,2,3/9/2013 0:00,330
4,2,4/13/2013 0:00,452
4,2,4/14/2012 0:00,338
4,2,4/16/2011 0:00,528
4,2,4/2/2011 0:00,300
4,2,4/20/2013 0:00,380
4,2,4/21/2012 0:00,260
4,2,4/23/2011 0:00,308
4,2,4/27/2013 0:00,284
4,2,4/28/2012 0:00,356
4,2,4/30/2011 0:00,332
4,2,4/6/2013 0:00,276
4,2,4/7/2012 0:00,264
4,2,4/9/2011 0:00,442
4,2,5/11/2013 0:00,418
4,2,5/12/2012 0:00,314
4,2,5/14/2011 0:00,282
4,2,5/18/2013 0:00,300
4,2,5/19/2012 0:00,246
4,2,5/21/2011 0:00,328
4,2,5/25/2013 0:00,234
4,2,5/26/2012 0:00,346
4,2,5/28/2011 0:00,350
4,2,5/4/2013 0:00,276
4,2,5/5/2012 0:00,362
4,2,5/7/2011 0:00,316
4,2,6/1/2013 0:00,290
4,2,6/11/2011 0:00,340
4,2,6/15/2013 0:00,362
4,2,6/16/2012 0:00,390
4,2,6/18/2011 0:00,408
4,2,6/2/2012 0:00,324
4,2,6/22/2013 0:00,298
4,2,6/23/2012 0:00,270
4,2,6/25/2011 0:00,276
4,2,6/29/2013 0:00,338
4,2,6/30/2012 0:00,312
4,2,6/4/2011 0:00,310
4,2,6/8/2013 0:00,300
4,2,6/9/2012 0:00,326
4,2,7/13/2013 0:00,310
4,2,7/14/2012 0:00,356
4,2,7/16/2011 0:00,292
4,2,7/2/2011 0:00,296
4,2,7/20/2013 0:00,296
4,2,7/21/2012 0:00,400
4,2,7/23/2011 0:00,274
4,2,7/27/2013 0:00,340
4,2,7/28/2012 0:00,256
4,2,7/30/2011 0:00,240
4,2,7/6/2013 0:00,390
4,2,7/7/2012 0:00,256
4,2,7/9/2011 0:00,314
4,2,8/10/2013 0:00,456
4,2,8/11/2012 0:00,266
4,2,8/13/2011 0:00,434
4,2,8/17/2013 0:00,348
4,2,8/18/2012 0:00,288
4,2,8/20/2011 0:00,242
4,2,8/24/2013 0:00,284
4,2,8/25/2012 0:00,268
4,2,8/27/2011 0:00,350
4,2,8/3/2013 0:00,196
4,2,8/31/2013 0:00,306
4,2,8/4/2012 0:00,294
4,2,8/6/2011 0:00,264
4,2,9/1/2012 0:00,228
4,2,9/10/2011 0:00,286
4,2,9/14/2013 0:00,330
4,2,9/15/2012 0:00,326
4,2,9/17/2011 0:00,376
4,2,9/21/2013 0:00,320
4,2,9/22/2012 0:00,328
4,2,9/24/2011 0:00,270
4,2,9/28/2013 0:00,320
4,2,9/29/2012 0:00,234
4,2,9/3/2011 0:00,280
4,2,9/7/2013 0:00,354
4,2,9/8/2012 0:00,318
5,1,1/1/2011 0:00,102
5,1,1/12/2013 0:00,88
5,1,1/14/2012 0:00,164
5,1,1/15/2011 0:00,136
5,1,1/19/2013 0:00,90
5,1,1/21/2012 0:00,124
5,1,1/22/2011 0:00,126
5,1,1/26/2013 0:00,120
5,1,1/28/2012 0:00,120
5,1,1/29/2011 0:00,136
5,1,1/5/2013 0:00,102
5,1,1/7/2012 0:00,184
5,1,1/8/2011 0:00,162
5,1,10/1/2011 0:00,132
5,1,10/12/2013 0:00,148
5,1,10/13/2012 0:00,108
5,1,10/15/2011 0:00,134
5,1,10/19/2013 0:00,134
5,1,10/20/2012 0:00,124
5,1,10/22/2011 0:00,118
5,1,10/26/2013 0:00,108
5,1,10/27/2012 0:00,70
5,1,10/29/2011 0:00,78
5,1,10/5/2013 0:00,118
5,1,10/6/2012 0:00,136
5,1,10/8/2011 0:00,138
5,1,11/10/2012 0:00,146
5,1,11/12/2011 0:00,134
5,1,11/13/2010 0:00,108
5,1,11/16/2013 0:00,122
5,1,11/17/2012 0:00,104
5,1,11/19/2011 0:00,106
5,1,11/20/2010 0:00,98
5,1,11/23/2013 0:00,118
5,1,11/24/2012 0:00,76
5,1,11/26/2011 0:00,66
5,1,11/27/2010 0:00,52
5,1,11/3/2012 0:00,106
5,1,11/30/2013 0:00,124
5,1,11/5/2011 0:00,100
5,1,11/6/2010 0:00,128
5,1,11/9/2013 0:00,156
5,1,12/1/2012 0:00,116
5,1,12/10/2011 0:00,106
5,1,12/11/2010 0:00,126
5,1,12/14/2013 0:00,112
5,1,12/15/2012 0:00,110
5,1,12/17/2011 0:00,96
5,1,12/18/2010 0:00,106
5,1,12/21/2013 0:00,140
5,1,12/22/2012 0:00,96
5,1,12/24/2011 0:00,84
5,1,12/25/2010 0:00,88
5,1,12/28/2013 0:00,98
5,1,12/29/2012 0:00,104
5,1,12/3/2011 0:00,112
5,1,12/31/2011 0:00,120
5,1,12/4/2010 0:00,98
5,1,12/7/2013 0:00,132
5,1,12/8/2012 0:00,82
5,1,2/11/2012 0:00,208
5,1,2/12/2011 0:00,160
5,1,2/16/2013 0:00,134
5,1,2/18/2012 0:00,108
5,1,2/19/2011 0:00,156
5,1,2/2/2013 0:00,100
5,1,2/23/2013 0:00,152
5,1,2/25/2012 0:00,118
5,1,2/26/2011 0:00,122
5,1,2/4/2012 0:00,148
5,1,2/5/2011 0:00,134
5,1,2/9/2013 0:00,92
5,1,3/10/2012 0:00,240
5,1,3/12/2011 0:00,170
5,1,3/16/2013 0:00,130
5,1,3/17/2012 0:00,154
5,1,3/19/2011 0:00,122
5,1,3/2/2013 0:00,138
5,1,3/23/2013 0:00,138
5,1,3/24/2012 0:00,168
5,1,3/26/2011 0:00,118
5,1,3/3/2012 0:00,114
5,1,3/30/2013 0:00,112
5,1,3/31/2012 0:00,114
5,1,3/5/2011 0:00,170
5,1,3/9/2013 0:00,184
5,1,4/13/2013 0:00,126
5,1,4/14/2012 0:00,144
5,1,4/16/2011 0:00,144
5,1,4/2/2011 0:00,162
5,1,4/20/2013 0:00,140
5,1,4/21/2012 0:00,162
5,1,4/23/2011 0:00,118
5,1,4/27/2013 0:00,142
5,1,4/28/2012 0:00,124
5,1,4/30/2011 0:00,124
5,1,4/6/2013 0:00,134
5,1,4/7/2012 0:00,162
5,1,4/9/2011 0:00,186
5,1,5/11/2013 0:00,206
5,1,5/12/2012 0:00,174
5,1,5/14/2011 0:00,168
5,1,5/18/2013 0:00,138
5,1,5/19/2012 0:00,152
5,1,5/21/2011 0:00,120
5,1,5/25/2013 0:00,128
5,1,5/26/2012 0:00,120
5,1,5/28/2011 0:00,114
5,1,5/4/2013 0:00,158
5,1,5/5/2012 0:00,148
5,1,5/7/2011 0:00,238
5,1,6/1/2013 0:00,130
5,1,6/11/2011 0:00,206
5,1,6/15/2013 0:00,170
5,1,6/16/2012 0:00,184
5,1,6/18/2011 0:00,190
5,1,6/2/2012 0:00,118
5,1,6/22/2013 0:00,154
5,1,6/23/2012 0:00,196
5,1,6/25/2011 0:00,196
5,1,6/29/2013 0:00,146
5,1,6/30/2012 0:00,160
5,1,6/4/2011 0:00,164
5,1,6/8/2013 0:00,254
5,1,6/9/2012 0:00,196
5,1,7/13/2013 0:00,172
5,1,7/14/2012 0:00,178
5,1,7/16/2011 0:00,146
5,1,7/2/2011 0:00,160
5,1,7/20/2013 0:00,126
5,1,7/21/2012 0:00,168
5,1,7/23/2011 0:00,140
5,1,7/27/2013 0:00,98
5,1,7/28/2012 0:00,118
5,1,7/30/2011 0:00,134
5,1,7/6/2013 0:00,274
5,1,7/7/2012 0:00,182
5,1,7/9/2011 0:00,296
5,1,8/10/2013 0:00,138
5,1,8/11/2012 0:00,206
5,1,8/13/2011 0:00,156
5,1,8/17/2013 0:00,146
5,1,8/18/2012 0:00,118
5,1,8/20/2011 0:00,130
5,1,8/24/2013 0:00,110
5,1,8/25/2012 0:00,108
5,1,8/27/2011 0:00,104
5,1,8/3/2013 0:00,118
5,1,8/31/2013 0:00,66
5,1,8/4/2012 0:00,126
5,1,8/6/2011 0:00,134
5,1,9/1/2012 0:00,124
5,1,9/10/2011 0:00,152
5,1,9/14/2013 0:00,142
5,1,9/15/2012 0:00,130
5,1,9/17/2011 0:00,128
5,1,9/21/2013 0:00,100
5,1,9/22/2012 0:00,122
5,1,9/24/2011 0:00,114
5,1,9/28/2013 0:00,116
5,1,9/29/2012 0:00,116
5,1,9/3/2011 0:00,104
5,1,9/7/2013 0:00,138
5,1,9/8/2012 0:00,158
6,1,1/1/2011 0:00,596
6,1,1/12/2013 0:00,610
6,1,1/14/2012 0:00,548
6,1,1/15/2011 0:00,658
6,1,1/19/2013 0:00,706
6,1,1/21/2012 0:00,504
6,1,1/22/2011 0:00,674
6,1,1/26/2013 0:00,664
6,1,1/28/2012 0:00,516
6,1,1/29/2011 0:00,598
6,1,1/5/2013 0:00,662
6,1,1/7/2012 0:00,462
6,1,1/8/2011 0:00,632
6,1,10/1/2011 0:00,282
6,1,10/12/2013 0:00,276
6,1,10/13/2012 0:00,276
6,1,10/15/2011 0:00,304
6,1,10/19/2013 0:00,272
6,1,10/20/2012 0:00,310
6,1,10/22/2011 0:00,328
6,1,10/26/2013 0:00,264
6,1,10/27/2012 0:00,310
6,1,10/29/2011 0:00,276
6,1,10/5/2013 0:00,226
6,1,10/6/2012 0:00,274
6,1,10/8/2011 0:00,306
6,1,11/10/2012 0:00,346
6,1,11/12/2011 0:00,382
6,1,11/13/2010 0:00,438
6,1,11/16/2013 0:00,302
6,1,11/17/2012 0:00,356
6,1,11/19/2011 0:00,380
6,1,11/20/2010 0:00,524
6,1,11/23/2013 0:00,358
6,1,11/24/2012 0:00,404
6,1,11/26/2011 0:00,368
6,1,11/27/2010 0:00,540
6,1,11/3/2012 0:00,324
6,1,11/30/2013 0:00,348
6,1,11/5/2011 0:00,320
6,1,11/6/2010 0:00,302
6,1,11/9/2013 0:00,318
6,1,12/1/2012 0:00,448
6,1,12/10/2011 0:00,384
6,1,12/11/2010 0:00,576
6,1,12/14/2013 0:00,424
6,1,12/15/2012 0:00,616
6,1,12/17/2011 0:00,436
6,1,12/18/2010 0:00,548
6,1,12/21/2013 0:00,466
6,1,12/22/2012 0:00,674
6,1,12/24/2011 0:00,526
6,1,12/25/2010 0:00,608
6,1,12/28/2013 0:00,420
6,1,12/29/2012 0:00,582
6,1,12/3/2011 0:00,318
6,1,12/31/2011 0:00,434
6,1,12/4/2010 0:00,528
6,1,12/7/2013 0:00,302
6,1,12/8/2012 0:00,458
6,1,2/11/2012 0:00,810
6,1,2/12/2011 0:00,704
6,1,2/16/2013 0:00,646
6,1,2/18/2012 0:00,676
6,1,2/19/2011 0:00,666
6,1,2/2/2013 0:00,710
6,1,2/23/2013 0:00,590
6,1,2/25/2012 0:00,870
6,1,2/26/2011 0:00,682
6,1,2/4/2012 0:00,542
6,1,2/5/2011 0:00,670
6,1,2/9/2013 0:00,674
6,1,3/10/2012 0:00,662
6,1,3/12/2011 0:00,674
6,1,3/16/2013 0:00,658
6,1,3/17/2012 0:00,580
6,1,3/19/2011 0:00,706
6,1,3/2/2013 0:00,678
6,1,3/23/2013 0:00,600
6,1,3/24/2012 0:00,528
6,1,3/26/2011 0:00,610
6,1,3/3/2012 0:00,740
6,1,3/30/2013 0:00,608
6,1,3/31/2012 0:00,464
6,1,3/5/2011 0:00,650
6,1,3/9/2013 0:00,714
6,1,4/13/2013 0:00,622
6,1,4/14/2012 0:00,394
6,1,4/16/2011 0:00,520
6,1,4/2/2011 0:00,462
6,1,4/20/2013 0:00,598
6,1,4/21/2012 0:00,438
6,1,4/23/2011 0:00,468
6,1,4/27/2013 0:00,424
6,1,4/28/2012 0:00,328
6,1,4/30/2011 0:00,382
6,1,4/6/2013 0:00,604
6,1,4/7/2012 0:00,440
6,1,4/9/2011 0:00,500
6,1,5/11/2013 0:00,390
6,1,5/12/2012 0:00,378
6,1,5/14/2011 0:00,352
6,1,5/18/2013 0:00,396
6,1,5/19/2012 0:00,312
6,1,5/21/2011 0:00,354
6,1,5/25/2013 0:00,360
6,1,5/26/2012 0:00,370
6,1,5/28/2011 0:00,298
6,1,5/4/2013 0:00,358
6,1,5/5/2012 0:00,378
6,1,5/7/2011 0:00,456
6,1,6/1/2013 0:00,298
6,1,6/11/2011 0:00,394
6,1,6/15/2013 0:00,374
6,1,6/16/2012 0:00,446
6,1,6/18/2011 0:00,372
6,1,6/2/2012 0:00,326
6,1,6/22/2013 0:00,312
6,1,6/23/2012 0:00,366
6,1,6/25/2011 0:00,270
6,1,6/29/2013 0:00,306
6,1,6/30/2012 0:00,358
6,1,6/4/2011 0:00,396
6,1,6/8/2013 0:00,376
6,1,6/9/2012 0:00,398
6,1,7/13/2013 0:00,300
6,1,7/14/2012 0:00,424
6,1,7/16/2011 0:00,320
6,1,7/2/2011 0:00,304
6,1,7/20/2013 0:00,338
6,1,7/21/2012 0:00,326
6,1,7/23/2011 0:00,296
6,1,7/27/2013 0:00,328
6,1,7/28/2012 0:00,284
6,1,7/30/2011 0:00,330
6,1,7/6/2013 0:00,302
6,1,7/7/2012 0:00,404
6,1,7/9/2011 0:00,282
6,1,8/10/2013 0:00,240
6,1,8/11/2012 0:00,330
6,1,8/13/2011 0:00,264
6,1,8/17/2013 0:00,236
6,1,8/18/2012 0:00,298
6,1,8/20/2011 0:00,244
6,1,8/24/2013 0:00,218
6,1,8/25/2012 0:00,272
6,1,8/27/2011 0:00,224
6,1,8/3/2013 0:00,228
6,1,8/31/2013 0:00,246
6,1,8/4/2012 0:00,292
6,1,8/6/2011 0:00,324
6,1,9/1/2012 0:00,272
6,1,9/10/2011 0:00,282
6,1,9/14/2013 0:00,226
6,1,9/15/2012 0:00,278
6,1,9/17/2011 0:00,258
6,1,9/21/2013 0:00,294
6,1,9/22/2012 0:00,290
6,1,9/24/2011 0:00,236
6,1,9/28/2013 0:00,254
6,1,9/29/2012 0:00,260
6,1,9/3/2011 0:00,244
6,1,9/7/2013 0:00,246
6,1,9/8/2012 0:00,306
7,1,1/1/2011 0:00,268
7,1,1/12/2013 0:00,332
7,1,1/14/2012 0:00,358
7,1,1/15/2011 0:00,354
7,1,1/19/2013 0:00,374
7,1,1/21/2012 0:00,228
7,1,1/22/2011 0:00,338
7,1,1/26/2013 0:00,326
7,1,1/28/2012 0:00,268
7,1,1/29/2011 0:00,322
7,1,1/5/2013 0:00,332
7,1,1/7/2012 0:00,332
7,1,1/8/2011 0:00,300
7,1,10/1/2011 0:00,114
7,1,10/12/2013 0:00,214
7,1,10/13/2012 0:00,136
7,1,10/15/2011 0:00,126
7,1,10/19/2013 0:00,158
7,1,10/20/2012 0:00,128
7,1,10/22/2011 0:00,120
7,1,10/26/2013 0:00,136
7,1,10/27/2012 0:00,138
7,1,10/29/2011 0:00,130
7,1,10/5/2013 0:00,142
7,1,10/6/2012 0:00,148
7,1,10/8/2011 0:00,108
7,1,11/10/2012 0:00,130
7,1,11/12/2011 0:00,164
7,1,11/13/2010 0:00,156
7,1,11/16/2013 0:00,200
7,1,11/17/2012 0:00,136
7,1,11/19/2011 0:00,222
7,1,11/20/2010 0:00,156
7,1,11/23/2013 0:00,238
7,1,11/24/2012 0:00,148
7,1,11/26/2011 0:00,138
7,1,11/27/2010 0:00,178
7,1,11/3/2012 0:00,162
7,1,11/30/2013 0:00,228
7,1,11/5/2011 0:00,138
7,1,11/6/2010 0:00,158
7,1,11/9/2013 0:00,164
7,1,12/1/2012 0:00,152
7,1,12/10/2011 0:00,178
7,1,12/11/2010 0:00,178
7,1,12/14/2013 0:00,288
7,1,12/15/2012 0:00,218
7,1,12/17/2011 0:00,188
7,1,12/18/2010 0:00,274
7,1,12/21/2013 0:00,236
7,1,12/22/2012 0:00,276
7,1,12/24/2011 0:00,208
7,1,12/25/2010 0:00,314
7,1,12/28/2013 0:00,248
7,1,12/29/2012 0:00,284
7,1,12/3/2011 0:00,158
7,1,12/31/2011 0:00,200
7,1,12/4/2010 0:00,222
7,1,12/7/2013 0:00,242
7,1,12/8/2012 0:00,234
7,1,2/11/2012 0:00,354
7,1,2/12/2011 0:00,360
7,1,2/16/2013 0:00,256
7,1,2/18/2012 0:00,326
7,1,2/19/2011 0:00,304
7,1,2/2/2013 0:00,286
7,1,2/23/2013 0:00,290
7,1,2/25/2012 0:00,294
7,1,2/26/2011 0:00,396
7,1,2/4/2012 0:00,328
7,1,2/5/2011 0:00,306
7,1,2/9/2013 0:00,306
7,1,3/10/2012 0:00,422
7,1,3/12/2011 0:00,386
7,1,3/16/2013 0:00,280
7,1,3/17/2012 0:00,362
7,1,3/19/2011 0:00,370
7,1,3/2/2013 0:00,278
7,1,3/23/2013 0:00,254
7,1,3/24/2012 0:00,280
7,1,3/26/2011 0:00,334
7,1,3/3/2012 0:00,350
7,1,3/30/2013 0:00,258
7,1,3/31/2012 0:00,252
7,1,3/5/2011 0:00,328
7,1,3/9/2013 0:00,354
7,1,4/13/2013 0:00,338
7,1,4/14/2012 0:00,226
7,1,4/16/2011 0:00,412
7,1,4/2/2011 0:00,314
7,1,4/20/2013 0:00,300
7,1,4/21/2012 0:00,292
7,1,4/23/2011 0:00,262
7,1,4/27/2013 0:00,222
7,1,4/28/2012 0:00,204
7,1,4/30/2011 0:00,228
7,1,4/6/2013 0:00,308
7,1,4/7/2012 0:00,184
7,1,4/9/2011 0:00,304
7,1,5/11/2013 0:00,250
7,1,5/12/2012 0:00,184
7,1,5/14/2011 0:00,270
7,1,5/18/2013 0:00,226
7,1,5/19/2012 0:00,202
7,1,5/21/2011 0:00,150
7,1,5/25/2013 0:00,170
7,1,5/26/2012 0:00,188
7,1,5/28/2011 0:00,178
7,1,5/4/2013 0:00,182
7,1,5/5/2012 0:00,190
7,1,5/7/2011 0:00,170
7,1,6/1/2013 0:00,160
7,1,6/11/2011 0:00,242
7,1,6/15/2013 0:00,176
7,1,6/16/2012 0:00,216
7,1,6/18/2011 0:00,162
7,1,6/2/2012 0:00,190
7,1,6/22/2013 0:00,180
7,1,6/23/2012 0:00,236
7,1,6/25/2011 0:00,224
7,1,6/29/2013 0:00,186
7,1,6/30/2012 0:00,240
7,1,6/4/2011 0:00,224
7,1,6/8/2013 0:00,248
7,1,6/9/2012 0:00,210
7,1,7/13/2013 0:00,266
7,1,7/14/2012 0:00,276
7,1,7/16/2011 0:00,206
7,1,7/2/2011 0:00,160
7,1,7/20/2013 0:00,228
7,1,7/21/2012 0:00,232
7,1,7/23/2011 0:00,184
7,1,7/27/2013 0:00,206
7,1,7/28/2012 0:00,242
7,1,7/30/2011 0:00,228
7,1,7/6/2013 0:00,166
7,1,7/7/2012 0:00,300
7,1,7/9/2011 0:00,228
7,1,8/10/2013 0:00,174
7,1,8/11/2012 0:00,260
7,1,8/13/2011 0:00,200
7,1,8/17/2013 0:00,228
7,1,8/18/2012 0:00,204
7,1,8/20/2011 0:00,142
7,1,8/24/2013 0:00,168
7,1,8/25/2012 0:00,120
7,1,8/27/2011 0:00,146
7,1,8/3/2013 0:00,182
7,1,8/31/2013 0:00,164
7,1,8/4/2012 0:00,194
7,1,8/6/2011 0:00,172
7,1,9/1/2012 0:00,148
7,1,9/10/2011 0:00,122
7,1,9/14/2013 0:00,140
7,1,9/15/2012 0:00,172
7,1,9/17/2011 0:00,140
7,1,9/21/2013 0:00,140
7,1,9/22/2012 0:00,144
7,1,9/24/2011 0:00,104
7,1,9/28/2013 0:00,128
7,1,9/29/2012 0:00,160
7,1,9/3/2011 0:00,122
7,1,9/7/2013 0:00,152
7,1,9/8/2012 0:00,176
8,1,1/1/2011 0:00,388
8,1,1/12/2013 0:00,634
8,1,1/14/2012 0:00,588
8,1,1/15/2011 0:00,522
8,1,1/19/2013 0:00,792
8,1,1/21/2012 0:00,600
8,1,1/22/2011 0:00,600
8,1,1/26/2013 0:00,924
8,1,1/28/2012 0:00,508
8,1,1/29/2011 0:00,658
8,1,1/5/2013 0:00,620
8,1,1/7/2012 0:00,628
8,1,1/8/2011 0:00,392
8,1,10/1/2011 0:00,324
8,1,10/12/2013 0:00,548
8,1,10/13/2012 0:00,572
8,1,10/15/2011 0:00,420
8,1,10/19/2013 0:00,498
8,1,10/20/2012 0:00,698
8,1,10/22/2011 0:00,358
8,1,10/26/2013 0:00,524
8,1,10/27/2012 0:00,698
8,1,10/29/2011 0:00,292
8,1,10/5/2013 0:00,562
8,1,10/6/2012 0:00,602
8,1,10/8/2011 0:00,356
8,1,11/10/2012 0:00,908
8,1,11/12/2011 0:00,370
8,1,11/13/2010 0:00,352
8,1,11/16/2013 0:00,668
8,1,11/17/2012 0:00,974
8,1,11/19/2011 0:00,342
8,1,11/20/2010 0:00,348
8,1,11/23/2013 0:00,580
8,1,11/24/2012 0:00,956
8,1,11/26/2011 0:00,354
8,1,11/27/2010 0:00,354
8,1,11/3/2012 0:00,796
8,1,11/30/2013 0:00,576
8,1,11/5/2011 0:00,332
8,1,11/6/2010 0:00,374
8,1,11/9/2013 0:00,616
8,1,12/1/2012 0:00,762
8,1,12/10/2011 0:00,424
8,1,12/11/2010 0:00,550
8,1,12/14/2013 0:00,606
8,1,12/15/2012 0:00,490
8,1,12/17/2011 0:00,478
8,1,12/18/2010 0:00,520
8,1,12/21/2013 0:00,748
8,1,12/22/2012 0:00,488
8,1,12/24/2011 0:00,518
8,1,12/25/2010 0:00,404
8,1,12/28/2013 0:00,708
8,1,12/29/2012 0:00,458
8,1,12/3/2011 0:00,404
8,1,12/31/2011 0:00,448
8,1,12/4/2010 0:00,420
8,1,12/7/2013 0:00,620
8,1,12/8/2012 0:00,608
8,1,2/11/2012 0:00,558
8,1,2/12/2011 0:00,656
8,1,2/16/2013 0:00,736
8,1,2/18/2012 0:00,516
8,1,2/19/2011 0:00,608
8,1,2/2/2013 0:00,882
8,1,2/23/2013 0:00,680
8,1,2/25/2012 0:00,558
8,1,2/26/2011 0:00,616
8,1,2/4/2012 0:00,590
8,1,2/5/2011 0:00,548
8,1,2/9/2013 0:00,786
8,1,3/10/2012 0:00,506
8,1,3/12/2011 0:00,594
8,1,3/16/2013 0:00,914
8,1,3/17/2012 0:00,546
8,1,3/19/2011 0:00,592
8,1,3/2/2013 0:00,804
8,1,3/23/2013 0:00,832
8,1,3/24/2012 0:00,488
8,1,3/26/2011 0:00,508
8,1,3/3/2012 0:00,450
8,1,3/30/2013 0:00,772
8,1,3/31/2012 0:00,422
8,1,3/5/2011 0:00,596
8,1,3/9/2013 0:00,966
8,1,4/13/2013 0:00,790
8,1,4/14/2012 0:00,442
8,1,4/16/2011 0:00,450
8,1,4/2/2011 0:00,562
8,1,4/20/2013 0:00,554
8,1,4/21/2012 0:00,478
8,1,4/23/2011 0:00,376
8,1,4/27/2013 0:00,634
8,1,4/28/2012 0:00,398
8,1,4/30/2011 0:00,474
8,1,4/6/2013 0:00,636
8,1,4/7/2012 0:00,424
8,1,4/9/2011 0:00,476
8,1,5/11/2013 0:00,592
8,1,5/12/2012 0:00,498
8,1,5/14/2011 0:00,472
8,1,5/18/2013 0:00,652
8,1,5/19/2012 0:00,456
8,1,5/21/2011 0:00,376
8,1,5/25/2013 0:00,574
8,1,5/26/2012 0:00,486
8,1,5/28/2011 0:00,416
8,1,5/4/2013 0:00,682
8,1,5/5/2012 0:00,390
8,1,5/7/2011 0:00,630
8,1,6/1/2013 0:00,552
8,1,6/11/2011 0:00,404
8,1,6/15/2013 0:00,566
8,1,6/16/2012 0:00,464
8,1,6/18/2011 0:00,320
8,1,6/2/2012 0:00,498
8,1,6/22/2013 0:00,616
8,1,6/23/2012 0:00,430
8,1,6/25/2011 0:00,376
8,1,6/29/2013 0:00,578
8,1,6/30/2012 0:00,490
8,1,6/4/2011 0:00,340
8,1,6/8/2013 0:00,524
8,1,6/9/2012 0:00,492
8,1,7/13/2013 0:00,582
8,1,7/14/2012 0:00,558
8,1,7/16/2011 0:00,334
8,1,7/2/2011 0:00,372
8,1,7/20/2013 0:00,524
8,1,7/21/2012 0:00,558
8,1,7/23/2011 0:00,288
8,1,7/27/2013 0:00,482
8,1,7/28/2012 0:00,518
8,1,7/30/2011 0:00,348
8,1,7/6/2013 0:00,634
8,1,7/7/2012 0:00,520
8,1,7/9/2011 0:00,462
8,1,8/10/2013 0:00,494
8,1,8/11/2012 0:00,682
8,1,8/13/2011 0:00,352
8,1,8/17/2013 0:00,536
8,1,8/18/2012 0:00,704
8,1,8/20/2011 0:00,348
8,1,8/24/2013 0:00,462
8,1,8/25/2012 0:00,570
8,1,8/27/2011 0:00,404
8,1,8/3/2013 0:00,440
8,1,8/31/2013 0:00,618
8,1,8/4/2012 0:00,498
8,1,8/6/2011 0:00,376
8,1,9/1/2012 0:00,524
8,1,9/10/2011 0:00,418
8,1,9/14/2013 0:00,524
8,1,9/15/2012 0:00,648
8,1,9/17/2011 0:00,324
8,1,9/21/2013 0:00,478
8,1,9/22/2012 0:00,672
8,1,9/24/2011 0:00,362
8,1,9/28/2013 0:00,422
8,1,9/29/2012 0:00,650
8,1,9/3/2011 0:00,376
8,1,9/7/2013 0:00,808
8,1,9/8/2012 0:00,552
9,1,1/1/2011 0:00,308
9,1,1/12/2013 0:00,424
9,1,1/14/2012 0:00,538
9,1,1/15/2011 0:00,434
9,1,1/19/2013 0:00,432
9,1,1/21/2012 0:00,504
9,1,1/22/2011 0:00,528
9,1,1/26/2013 0:00,636
9,1,1/28/2012 0:00,446
9,1,1/29/2011 0:00,440
9,1,1/5/2013 0:00,384
9,1,1/7/2012 0:00,550
9,1,1/8/2011 0:00,364
9,1,10/1/2011 0:00,242
9,1,10/12/2013 0:00,462
9,1,10/13/2012 0:00,376
9,1,10/15/2011 0:00,314
9,1,10/19/2013 0:00,454
9,1,10/20/2012 0:00,424
9,1,10/22/2011 0:00,282
9,1,10/26/2013 0:00,408
9,1,10/27/2012 0:00,366
9,1,10/29/2011 0:00,246
9,1,10/5/2013 0:00,496
9,1,10/6/2012 0:00,424
9,1,10/8/2011 0:00,224
9,1,11/10/2012 0:00,594
9,1,11/12/2011 0:00,280
9,1,11/13/2010 0:00,326
9,1,11/16/2013 0:00,514
9,1,11/17/2012 0:00,688
9,1,11/19/2011 0:00,288
9,1,11/20/2010 0:00,370
9,1,11/23/2013 0:00,398
9,1,11/24/2012 0:00,552
9,1,11/26/2011 0:00,278
9,1,11/27/2010 0:00,252
9,1,11/3/2012 0:00,486
9,1,11/30/2013 0:00,400
9,1,11/5/2011 0:00,262
9,1,11/6/2010 0:00,338
9,1,11/9/2013 0:00,480
9,1,12/1/2012 0:00,430
9,1,12/10/2011 0:00,360
9,1,12/11/2010 0:00,450
9,1,12/14/2013 0:00,404
9,1,12/15/2012 0:00,338
9,1,12/17/2011 0:00,404
9,1,12/18/2010 0:00,422
9,1,12/21/2013 0:00,512
9,1,12/22/2012 0:00,288
9,1,12/24/2011 0:00,434
9,1,12/25/2010 0:00,242
9,1,12/28/2013 0:00,512
9,1,12/29/2012 0:00,304
9,1,12/3/2011 0:00,322
9,1,12/31/2011 0:00,464
9,1,12/4/2010 0:00,340
9,1,12/7/2013 0:00,414
9,1,12/8/2012 0:00,360
9,1,2/11/2012 0:00,586
9,1,2/12/2011 0:00,648
9,1,2/16/2013 0:00,518
9,1,2/18/2012 0:00,392
9,1,2/19/2011 0:00,580
9,1,2/2/2013 0:00,564
9,1,2/23/2013 0:00,544
9,1,2/25/2012 0:00,460
9,1,2/26/2011 0:00,480
9,1,2/4/2012 0:00,472
9,1,2/5/2011 0:00,484
9,1,2/9/2013 0:00,608
9,1,3/10/2012 0:00,538
9,1,3/12/2011 0:00,564
9,1,3/16/2013 0:00,728
9,1,3/17/2012 0:00,508
9,1,3/19/2011 0:00,480
9,1,3/2/2013 0:00,682
9,1,3/23/2013 0:00,652
9,1,3/24/2012 0:00,430
9,1,3/26/2011 0:00,324
9,1,3/3/2012 0:00,400
9,1,3/30/2013 0:00,462
9,1,3/31/2012 0:00,382
9,1,3/5/2011 0:00,478
9,1,3/9/2013 0:00,688
9,1,4/13/2013 0:00,508
9,1,4/14/2012 0:00,400
9,1,4/16/2011 0:00,376
9,1,4/2/2011 0:00,420
9,1,4/20/2013 0:00,478
9,1,4/21/2012 0:00,388
9,1,4/23/2011 0:00,384
9,1,4/27/2013 0:00,388
9,1,4/28/2012 0:00,310
9,1,4/30/2011 0:00,326
9,1,4/6/2013 0:00,532
9,1,4/7/2012 0:00,398
9,1,4/9/2011 0:00,366
9,1,5/11/2013 0:00,334
9,1,5/12/2012 0:00,370
9,1,5/14/2011 0:00,454
9,1,5/18/2013 0:00,468
9,1,5/19/2012 0:00,362
9,1,5/21/2011 0:00,358
9,1,5/25/2013 0:00,450
9,1,5/26/2012 0:00,294
9,1,5/28/2011 0:00,332
9,1,5/4/2013 0:00,410
9,1,5/5/2012 0:00,288
9,1,5/7/2011 0:00,500
9,1,6/1/2013 0:00,456
9,1,6/11/2011 0:00,414
9,1,6/15/2013 0:00,512
9,1,6/16/2012 0:00,386
9,1,6/18/2011 0:00,346
9,1,6/2/2012 0:00,344
9,1,6/22/2013 0:00,558
9,1,6/23/2012 0:00,326
9,1,6/25/2011 0:00,402
9,1,6/29/2013 0:00,604
9,1,6/30/2012 0:00,324
9,1,6/4/2011 0:00,346
9,1,6/8/2013 0:00,530
9,1,6/9/2012 0:00,364
9,1,7/13/2013 0:00,648
9,1,7/14/2012 0:00,502
9,1,7/16/2011 0:00,394
9,1,7/2/2011 0:00,366
9,1,7/20/2013 0:00,538
9,1,7/21/2012 0:00,398
9,1,7/23/2011 0:00,296
9,1,7/27/2013 0:00,462
9,1,7/28/2012 0:00,288
9,1,7/30/2011 0:00,322
9,1,7/6/2013 0:00,670
9,1,7/7/2012 0:00,356
9,1,7/9/2011 0:00,502
9,1,8/10/2013 0:00,496
9,1,8/11/2012 0:00,522
9,1,8/13/2011 0:00,306
9,1,8/17/2013 0:00,482
9,1,8/18/2012 0:00,482
9,1,8/20/2011 0:00,272
9,1,8/24/2013 0:00,472
9,1,8/25/2012 0:00,336
9,1,8/27/2011 0:00,332
9,1,8/3/2013 0:00,456
9,1,8/31/2013 0:00,474
9,1,8/4/2012 0:00,266
9,1,8/6/2011 0:00,306
9,1,9/1/2012 0:00,378
9,1,9/10/2011 0:00,348
9,1,9/14/2013 0:00,466
9,1,9/15/2012 0:00,458
9,1,9/17/2011 0:00,296
9,1,9/21/2013 0:00,456
9,1,9/22/2012 0:00,396
9,1,9/24/2011 0:00,282
9,1,9/28/2013 0:00,364
9,1,9/29/2012 0:00,286
9,1,9/3/2011 0:00,286
9,1,9/7/2013 0:00,684
9,1,9/8/2012 0:00,362
10,1,1/1/2011 0:00,180
10,1,1/12/2013 0:00,266
10,1,1/14/2012 0:00,242
10,1,1/15/2011 0:00,220
10,1,1/19/2013 0:00,270
10,1,1/21/2012 0:00,176
10,1,1/22/2011 0:00,180
10,1,1/26/2013 0:00,280
10,1,1/28/2012 0:00,190
10,1,1/29/2011 0:00,196
10,1,1/5/2013 0:00,222
10,1,1/7/2012 0:00,182
10,1,1/8/2011 0:00,192
10,1,10/1/2011 0:00,106
10,1,10/12/2013 0:00,118
10,1,10/13/2012 0:00,120
10,1,10/15/2011 0:00,126
10,1,10/19/2013 0:00,88
10,1,10/20/2012 0:00,108
10,1,10/22/2011 0:00,116
10,1,10/26/2013 0:00,94
10,1,10/27/2012 0:00,110
10,1,10/29/2011 0:00,116
10,1,10/5/2013 0:00,108
10,1,10/6/2012 0:00,132
10,1,10/8/2011 0:00,104
10,1,11/10/2012 0:00,150
10,1,11/12/2011 0:00,140
10,1,11/13/2010 0:00,152
10,1,11/16/2013 0:00,112
10,1,11/17/2012 0:00,138
10,1,11/19/2011 0:00,130
10,1,11/20/2010 0:00,150
10,1,11/23/2013 0:00,128
10,1,11/24/2012 0:00,156
10,1,11/26/2011 0:00,118
10,1,11/27/2010 0:00,110
10,1,11/3/2012 0:00,110
10,1,11/30/2013 0:00,124
10,1,11/5/2011 0:00,100
10,1,11/6/2010 0:00,110
10,1,11/9/2013 0:00,106
10,1,12/1/2012 0:00,170
10,1,12/10/2011 0:00,150
10,1,12/11/2010 0:00,152
10,1,12/14/2013 0:00,160
10,1,12/15/2012 0:00,202
10,1,12/17/2011 0:00,198
10,1,12/18/2010 0:00,136
10,1,12/21/2013 0:00,156
10,1,12/22/2012 0:00,194
10,1,12/24/2011 0:00,140
10,1,12/25/2010 0:00,182
10,1,12/28/2013 0:00,136
10,1,12/29/2012 0:00,172
10,1,12/3/2011 0:00,150
10,1,12/31/2011 0:00,172
10,1,12/4/2010 0:00,142
10,1,12/7/2013 0:00,178
10,1,12/8/2012 0:00,182
10,1,2/11/2012 0:00,196
10,1,2/12/2011 0:00,188
10,1,2/16/2013 0:00,268
10,1,2/18/2012 0:00,270
10,1,2/19/2011 0:00,188
10,1,2/2/2013 0:00,292
10,1,2/23/2013 0:00,248
10,1,2/25/2012 0:00,224
10,1,2/26/2011 0:00,180
10,1,2/4/2012 0:00,234
10,1,2/5/2011 0:00,182
10,1,2/9/2013 0:00,346
10,1,3/10/2012 0:00,232
10,1,3/12/2011 0:00,228
10,1,3/16/2013 0:00,242
10,1,3/17/2012 0:00,184
10,1,3/19/2011 0:00,188
10,1,3/2/2013 0:00,226
10,1,3/23/2013 0:00,192
10,1,3/24/2012 0:00,140
10,1,3/26/2011 0:00,128
10,1,3/3/2012 0:00,236
10,1,3/30/2013 0:00,130
10,1,3/31/2012 0:00,106
10,1,3/5/2011 0:00,196
10,1,3/9/2013 0:00,268
10,1,4/13/2013 0:00,168
10,1,4/14/2012 0:00,108
10,1,4/16/2011 0:00,124
10,1,4/2/2011 0:00,130
10,1,4/20/2013 0:00,122
10,1,4/21/2012 0:00,132
10,1,4/23/2011 0:00,114
10,1,4/27/2013 0:00,112
10,1,4/28/2012 0:00,94
10,1,4/30/2011 0:00,92
10,1,4/6/2013 0:00,164
10,1,4/7/2012 0:00,92
10,1,4/9/2011 0:00,124
10,1,5/11/2013 0:00,102
10,1,5/12/2012 0:00,106
10,1,5/14/2011 0:00,116
10,1,5/18/2013 0:00,98
10,1,5/19/2012 0:00,104
10,1,5/21/2011 0:00,88
10,1,5/25/2013 0:00,88
10,1,5/26/2012 0:00,122
10,1,5/28/2011 0:00,82
10,1,5/4/2013 0:00,108
10,1,5/5/2012 0:00,128
10,1,5/7/2011 0:00,106
10,1,6/1/2013 0:00,90
10,1,6/11/2011 0:00,132
10,1,6/15/2013 0:00,122
10,1,6/16/2012 0:00,100
10,1,6/18/2011 0:00,76
10,1,6/2/2012 0:00,88
10,1,6/22/2013 0:00,120
10,1,6/23/2012 0:00,86
10,1,6/25/2011 0:00,116
10,1,6/29/2013 0:00,94
10,1,6/30/2012 0:00,104
10,1,6/4/2011 0:00,116
10,1,6/8/2013 0:00,92
10,1,6/9/2012 0:00,140
10,1,7/13/2013 0:00,108
10,1,7/14/2012 0:00,92
10,1,7/16/2011 0:00,124
10,1,7/2/2011 0:00,100
10,1,7/20/2013 0:00,114
10,1,7/21/2012 0:00,98
10,1,7/23/2011 0:00,116
10,1,7/27/2013 0:00,88
10,1,7/28/2012 0:00,82
10,1,7/30/2011 0:00,80
10,1,7/6/2013 0:00,104
10,1,7/7/2012 0:00,118
10,1,7/9/2011 0:00,80
10,1,8/10/2013 0:00,92
10,1,8/11/2012 0:00,112
10,1,8/13/2011 0:00,92
10,1,8/17/2013 0:00,92
10,1,8/18/2012 0:00,94
10,1,8/20/2011 0:00,94
10,1,8/24/2013 0:00,72
10,1,8/25/2012 0:00,86
10,1,8/27/2011 0:00,96
10,1,8/3/2013 0:00,82
10,1,8/31/2013 0:00,112
10,1,8/4/2012 0:00,92
10,1,8/6/2011 0:00,102
10,1,9/1/2012 0:00,58
10,1,9/10/2011 0:00,98
10,1,9/14/2013 0:00,100
10,1,9/15/2012 0:00,78
10,1,9/17/2011 0:00,74
10,1,9/21/2013 0:00,96
10,1,9/22/2012 0:00,110
10,1,9/24/2011 0:00,104
10,1,9/28/2013 0:00,112
10,1,9/29/2012 0:00,94
10,1,9/3/2011 0:00,92
10,1,9/7/2013 0:00,96
10,1,9/8/2012 0:00,70
11,1,1/1/2011 0:00,134
11,1,1/12/2013 0:00,180
11,1,1/14/2012 0:00,216
11,1,1/15/2011 0:00,136
11,1,1/19/2013 0:00,148
11,1,1/21/2012 0:00,220
11,1,1/22/2011 0:00,168
11,1,1/26/2013 0:00,270
11,1,1/28/2012 0:00,174
11,1,1/29/2011 0:00,132
11,1,1/5/2013 0:00,196
11,1,1/7/2012 0:00,194
11,1,1/8/2011 0:00,142
11,1,10/1/2011 0:00,140
11,1,10/12/2013 0:00,152
11,1,10/13/2012 0:00,144
11,1,10/15/2011 0:00,180
11,1,10/19/2013 0:00,172
11,1,10/20/2012 0:00,210
11,1,10/22/2011 0:00,142
11,1,10/26/2013 0:00,160
11,1,10/27/2012 0:00,144
11,1,10/29/2011 0:00,158
11,1,10/5/2013 0:00,200
11,1,10/6/2012 0:00,148
11,1,10/8/2011 0:00,134
11,1,11/10/2012 0:00,188
11,1,11/12/2011 0:00,164
11,1,11/13/2010 0:00,152
11,1,11/16/2013 0:00,164
11,1,11/17/2012 0:00,168
11,1,11/19/2011 0:00,158
11,1,11/20/2010 0:00,134
11,1,11/23/2013 0:00,106
11,1,11/24/2012 0:00,148
11,1,11/26/2011 0:00,158
11,1,11/27/2010 0:00,116
11,1,11/3/2012 0:00,160
11,1,11/30/2013 0:00,152
11,1,11/5/2011 0:00,122
11,1,11/6/2010 0:00,122
11,1,11/9/2013 0:00,172
11,1,12/1/2012 0:00,142
11,1,12/10/2011 0:00,126
11,1,12/11/2010 0:00,152
11,1,12/14/2013 0:00,150
11,1,12/15/2012 0:00,178
11,1,12/17/2011 0:00,178
11,1,12/18/2010 0:00,162
11,1,12/21/2013 0:00,180
11,1,12/22/2012 0:00,142
11,1,12/24/2011 0:00,132
11,1,12/25/2010 0:00,136
11,1,12/28/2013 0:00,182
11,1,12/29/2012 0:00,186
11,1,12/3/2011 0:00,114
11,1,12/31/2011 0:00,174
11,1,12/4/2010 0:00,100
11,1,12/7/2013 0:00,116
11,1,12/8/2012 0:00,118
11,1,2/11/2012 0:00,222
11,1,2/12/2011 0:00,182
11,1,2/16/2013 0:00,176
11,1,2/18/2012 0:00,196
11,1,2/19/2011 0:00,230
11,1,2/2/2013 0:00,172
11,1,2/23/2013 0:00,280
11,1,2/25/2012 0:00,194
11,1,2/26/2011 0:00,186
11,1,2/4/2012 0:00,188
11,1,2/5/2011 0:00,188
11,1,2/9/2013 0:00,206
11,1,3/10/2012 0:00,202
11,1,3/12/2011 0:00,246
11,1,3/16/2013 0:00,262
11,1,3/17/2012 0:00,218
11,1,3/19/2011 0:00,204
11,1,3/2/2013 0:00,304
11,1,3/23/2013 0:00,204
11,1,3/24/2012 0:00,158
11,1,3/26/2011 0:00,184
11,1,3/3/2012 0:00,196
11,1,3/30/2013 0:00,208
11,1,3/31/2012 0:00,154
11,1,3/5/2011 0:00,260
11,1,3/9/2013 0:00,262
11,1,4/13/2013 0:00,222
11,1,4/14/2012 0:00,126
11,1,4/16/2011 0:00,182
11,1,4/2/2011 0:00,188
11,1,4/20/2013 0:00,194
11,1,4/21/2012 0:00,218
11,1,4/23/2011 0:00,192
11,1,4/27/2013 0:00,272
11,1,4/28/2012 0:00,144
11,1,4/30/2011 0:00,172
11,1,4/6/2013 0:00,194
11,1,4/7/2012 0:00,204
11,1,4/9/2011 0:00,190
11,1,5/11/2013 0:00,228
11,1,5/12/2012 0:00,194
11,1,5/14/2011 0:00,224
11,1,5/18/2013 0:00,222
11,1,5/19/2012 0:00,164
11,1,5/21/2011 0:00,300
11,1,5/25/2013 0:00,218
11,1,5/26/2012 0:00,166
11,1,5/28/2011 0:00,222
11,1,5/4/2013 0:00,264
11,1,5/5/2012 0:00,166
11,1,5/7/2011 0:00,230
11,1,6/1/2013 0:00,228
11,1,6/11/2011 0:00,240
11,1,6/15/2013 0:00,192
11,1,6/16/2012 0:00,278
11,1,6/18/2011 0:00,270
11,1,6/2/2012 0:00,200
11,1,6/22/2013 0:00,212
11,1,6/23/2012 0:00,234
11,1,6/25/2011 0:00,298
11,1,6/29/2013 0:00,250
11,1,6/30/2012 0:00,200
11,1,6/4/2011 0:00,234
11,1,6/8/2013 0:00,266
11,1,6/9/2012 0:00,224
11,1,7/13/2013 0:00,192
11,1,7/14/2012 0:00,218
11,1,7/16/2011 0:00,200
11,1,7/2/2011 0:00,246
11,1,7/20/2013 0:00,214
11,1,7/21/2012 0:00,220
11,1,7/23/2011 0:00,158
11,1,7/27/2013 0:00,144
11,1,7/28/2012 0:00,144
11,1,7/30/2011 0:00,186
11,1,7/6/2013 0:00,278
11,1,7/7/2012 0:00,232
11,1,7/9/2011 0:00,284
11,1,8/10/2013 0:00,164
11,1,8/11/2012 0:00,268
11,1,8/13/2011 0:00,168
11,1,8/17/2013 0:00,168
11,1,8/18/2012 0:00,194
11,1,8/20/2011 0:00,150
11,1,8/24/2013 0:00,150
11,1,8/25/2012 0:00,186
11,1,8/27/2011 0:00,170
11,1,8/3/2013 0:00,144
11,1,8/31/2013 0:00,166
11,1,8/4/2012 0:00,180
11,1,8/6/2011 0:00,166
11,1,9/1/2012 0:00,156
11,1,9/10/2011 0:00,174
11,1,9/14/2013 0:00,150
11,1,9/15/2012 0:00,194
11,1,9/17/2011 0:00,132
11,1,9/21/2013 0:00,182
11,1,9/22/2012 0:00,154
11,1,9/24/2011 0:00,172
11,1,9/28/2013 0:00,134
11,1,9/29/2012 0:00,152
11,1,9/3/2011 0:00,162
11,1,9/7/2013 0:00,136
11,1,9/8/2012 0:00,220
12,1,1/1/2011 0:00,1400
12,1,1/12/2013 0:00,942
12,1,1/14/2012 0:00,1078
12,1,1/15/2011 0:00,1648
12,1,1/19/2013 0:00,1118
12,1,1/21/2012 0:00,1250
12,1,1/22/2011 0:00,2022
12,1,1/26/2013 0:00,958
12,1,1/28/2012 0:00,1146
12,1,1/29/2011 0:00,2064
12,1,1/5/2013 0:00,1082
12,1,1/7/2012 0:00,1302
12,1,1/8/2011 0:00,1374
12,1,10/1/2011 0:00,1308
12,1,10/12/2013 0:00,722
12,1,10/13/2012 0:00,884
12,1,10/15/2011 0:00,1364
12,1,10/19/2013 0:00,942
12,1,10/20/2012 0:00,986
12,1,10/22/2011 0:00,1422
12,1,10/26/2013 0:00,844
12,1,10/27/2012 0:00,958
12,1,10/29/2011 0:00,1430
12,1,10/5/2013 0:00,760
12,1,10/6/2012 0:00,1024
12,1,10/8/2011 0:00,1636
12,1,11/10/2012 0:00,1090
12,1,11/12/2011 0:00,1432
12,1,11/13/2010 0:00,1628
12,1,11/16/2013 0:00,954
12,1,11/17/2012 0:00,1118
12,1,11/19/2011 0:00,1370
12,1,11/20/2010 0:00,1412
12,1,11/23/2013 0:00,830
12,1,11/24/2012 0:00,1122
12,1,11/26/2011 0:00,1070
12,1,11/27/2010 0:00,1366
12,1,11/3/2012 0:00,1060
12,1,11/30/2013 0:00,780
12,1,11/5/2011 0:00,1164
12,1,11/6/2010 0:00,1270
12,1,11/9/2013 0:00,750
12,1,12/1/2012 0:00,820
12,1,12/10/2011 0:00,930
12,1,12/11/2010 0:00,1166
12,1,12/14/2013 0:00,974
12,1,12/15/2012 0:00,1010
12,1,12/17/2011 0:00,1074
12,1,12/18/2010 0:00,1470
12,1,12/21/2013 0:00,1570
12,1,12/22/2012 0:00,1078
12,1,12/24/2011 0:00,1324
12,1,12/25/2010 0:00,1508
12,1,12/28/2013 0:00,1470
12,1,12/29/2012 0:00,1056
12,1,12/3/2011 0:00,1060
12,1,12/31/2011 0:00,1090
12,1,12/4/2010 0:00,1408
12,1,12/7/2013 0:00,952
12,1,12/8/2012 0:00,1076
12,1,2/11/2012 0:00,1078
12,1,2/12/2011 0:00,1672
12,1,2/16/2013 0:00,1172
12,1,2/18/2012 0:00,1350
12,1,2/19/2011 0:00,2314
12,1,2/2/2013 0:00,1062
12,1,2/23/2013 0:00,914
12,1,2/25/2012 0:00,1634
12,1,2/26/2011 0:00,2254
12,1,2/4/2012 0:00,1354
12,1,2/5/2011 0:00,1764
12,1,2/9/2013 0:00,1114
12,1,3/10/2012 0:00,1626
12,1,3/12/2011 0:00,1646
12,1,3/16/2013 0:00,1428
12,1,3/17/2012 0:00,1610
12,1,3/19/2011 0:00,1670
12,1,3/2/2013 0:00,948
12,1,3/23/2013 0:00,1284
12,1,3/24/2012 0:00,1300
12,1,3/26/2011 0:00,1474
12,1,3/3/2012 0:00,1416
12,1,3/30/2013 0:00,1136
12,1,3/31/2012 0:00,1492
12,1,3/5/2011 0:00,2090
12,1,3/9/2013 0:00,1482
12,1,4/13/2013 0:00,1116
12,1,4/14/2012 0:00,1526
12,1,4/16/2011 0:00,1130
12,1,4/2/2011 0:00,1240
12,1,4/20/2013 0:00,1068
12,1,4/21/2012 0:00,1522
12,1,4/23/2011 0:00,1520
12,1,4/27/2013 0:00,1114
12,1,4/28/2012 0:00,1402
12,1,4/30/2011 0:00,1304
12,1,4/6/2013 0:00,1124
12,1,4/7/2012 0:00,1586
12,1,4/9/2011 0:00,1476
12,1,5/11/2013 0:00,1096
12,1,5/12/2012 0:00,1672
12,1,5/14/2011 0:00,1396
12,1,5/18/2013 0:00,1190
12,1,5/19/2012 0:00,1584
12,1,5/21/2011 0:00,1414
12,1,5/25/2013 0:00,1374
12,1,5/26/2012 0:00,1734
12,1,5/28/2011 0:00,1296
12,1,5/4/2013 0:00,948
12,1,5/5/2012 0:00,1568
12,1,5/7/2011 0:00,1280
12,1,6/1/2013 0:00,1162
12,1,6/11/2011 0:00,1378
12,1,6/15/2013 0:00,928
12,1,6/16/2012 0:00,1850
12,1,6/18/2011 0:00,1534
12,1,6/2/2012 0:00,1642
12,1,6/22/2013 0:00,1224
12,1,6/23/2012 0:00,1664
12,1,6/25/2011 0:00,1260
12,1,6/29/2013 0:00,1098
12,1,6/30/2012 0:00,1436
12,1,6/4/2011 0:00,1348
12,1,6/8/2013 0:00,1030
12,1,6/9/2012 0:00,1622
12,1,7/13/2013 0:00,982
12,1,7/14/2012 0:00,968
12,1,7/16/2011 0:00,1354
12,1,7/2/2011 0:00,1162
12,1,7/20/2013 0:00,856
12,1,7/21/2012 0:00,940
12,1,7/23/2011 0:00,1068
12,1,7/27/2013 0:00,872
12,1,7/28/2012 0:00,782
12,1,7/30/2011 0:00,1132
12,1,7/6/2013 0:00,1026
12,1,7/7/2012 0:00,952
12,1,7/9/2011 0:00,1176
12,1,8/10/2013 0:00,754
12,1,8/11/2012 0:00,1086
12,1,8/13/2011 0:00,1278
12,1,8/17/2013 0:00,658
12,1,8/18/2012 0:00,932
12,1,8/20/2011 0:00,1260
12,1,8/24/2013 0:00,692
12,1,8/25/2012 0:00,912
12,1,8/27/2011 0:00,1232
12,1,8/3/2013 0:00,684
12,1,8/31/2013 0:00,690
12,1,8/4/2012 0:00,902
12,1,8/6/2011 0:00,1436
12,1,9/1/2012 0:00,984
12,1,9/10/2011 0:00,1130
12,1,9/14/2013 0:00,878
12,1,9/15/2012 0:00,1128
12,1,9/17/2011 0:00,1298
12,1,9/21/2013 0:00,658
12,1,9/22/2012 0:00,1394
12,1,9/24/2011 0:00,1412
12,1,9/28/2013 0:00,904
12,1,9/29/2012 0:00,1204
12,1,9/3/2011 0:00,1436
12,1,9/7/2013 0:00,762
12,1,9/8/2012 0:00,1004
13,1,1/1/2011 0:00,1202
13,1,1/12/2013 0:00,594
13,1,1/14/2012 0:00,752
13,1,1/15/2011 0:00,1392
13,1,1/19/2013 0:00,844
13,1,1/21/2012 0:00,1096
13,1,1/22/2011 0:00,1508
13,1,1/26/2013 0:00,746
13,1,1/28/2012 0:00,928
13,1,1/29/2011 0:00,1692
13,1,1/5/2013 0:00,654
13,1,1/7/2012 0:00,942
13,1,1/8/2011 0:00,1036
13,1,10/1/2011 0:00,994
13,1,10/12/2013 0:00,556
13,1,10/13/2012 0:00,750
13,1,10/15/2011 0:00,1014
13,1,10/19/2013 0:00,672
13,1,10/20/2012 0:00,678
13,1,10/22/2011 0:00,1028
13,1,10/26/2013 0:00,646
13,1,10/27/2012 0:00,670
13,1,10/29/2011 0:00,1204
13,1,10/5/2013 0:00,628
13,1,10/6/2012 0:00,810
13,1,10/8/2011 0:00,1336
13,1,11/10/2012 0:00,764
13,1,11/12/2011 0:00,1012
13,1,11/13/2010 0:00,1374
13,1,11/16/2013 0:00,738
13,1,11/17/2012 0:00,674
13,1,11/19/2011 0:00,1046
13,1,11/20/2010 0:00,1164
13,1,11/23/2013 0:00,646
13,1,11/24/2012 0:00,752
13,1,11/26/2011 0:00,882
13,1,11/27/2010 0:00,1058
13,1,11/3/2012 0:00,750
13,1,11/30/2013 0:00,658
13,1,11/5/2011 0:00,1010
13,1,11/6/2010 0:00,958
13,1,11/9/2013 0:00,556
13,1,12/1/2012 0:00,556
13,1,12/10/2011 0:00,768
13,1,12/11/2010 0:00,910
13,1,12/14/2013 0:00,840
13,1,12/15/2012 0:00,718
13,1,12/17/2011 0:00,950
13,1,12/18/2010 0:00,1222
13,1,12/21/2013 0:00,1326
13,1,12/22/2012 0:00,772
13,1,12/24/2011 0:00,906
13,1,12/25/2010 0:00,1176
13,1,12/28/2013 0:00,1248
13,1,12/29/2012 0:00,782
13,1,12/3/2011 0:00,928
13,1,12/31/2011 0:00,896
13,1,12/4/2010 0:00,954
13,1,12/7/2013 0:00,854
13,1,12/8/2012 0:00,838
13,1,2/11/2012 0:00,876
13,1,2/12/2011 0:00,1296
13,1,2/16/2013 0:00,876
13,1,2/18/2012 0:00,1116
13,1,2/19/2011 0:00,1820
13,1,2/2/2013 0:00,838
13,1,2/23/2013 0:00,744
13,1,2/25/2012 0:00,1338
13,1,2/26/2011 0:00,1746
13,1,2/4/2012 0:00,1088
13,1,2/5/2011 0:00,1344
13,1,2/9/2013 0:00,854
13,1,3/10/2012 0:00,1300
13,1,3/12/2011 0:00,1256
13,1,3/16/2013 0:00,990
13,1,3/17/2012 0:00,1194
13,1,3/19/2011 0:00,1336
13,1,3/2/2013 0:00,818
13,1,3/23/2013 0:00,1040
13,1,3/24/2012 0:00,1050
13,1,3/26/2011 0:00,1098
13,1,3/3/2012 0:00,1206
13,1,3/30/2013 0:00,960
13,1,3/31/2012 0:00,1230
13,1,3/5/2011 0:00,1678
13,1,3/9/2013 0:00,1088
13,1,4/13/2013 0:00,864
13,1,4/14/2012 0:00,1196
13,1,4/16/2011 0:00,898
13,1,4/2/2011 0:00,944
13,1,4/20/2013 0:00,792
13,1,4/21/2012 0:00,1222
13,1,4/23/2011 0:00,1152
13,1,4/27/2013 0:00,846
13,1,4/28/2012 0:00,1208
13,1,4/30/2011 0:00,1026
13,1,4/6/2013 0:00,886
13,1,4/7/2012 0:00,1260
13,1,4/9/2011 0:00,1284
13,1,5/11/2013 0:00,802
13,1,5/12/2012 0:00,1378
13,1,5/14/2011 0:00,1088
13,1,5/18/2013 0:00,990
13,1,5/19/2012 0:00,1334
13,1,5/21/2011 0:00,1114
13,1,5/25/2013 0:00,956
13,1,5/26/2012 0:00,1422
13,1,5/28/2011 0:00,1048
13,1,5/4/2013 0:00,726
13,1,5/5/2012 0:00,1224
13,1,5/7/2011 0:00,962
13,1,6/1/2013 0:00,858
13,1,6/11/2011 0:00,960
13,1,6/15/2013 0:00,638
13,1,6/16/2012 0:00,1468
13,1,6/18/2011 0:00,1124
13,1,6/2/2012 0:00,1378
13,1,6/22/2013 0:00,772
13,1,6/23/2012 0:00,1384
13,1,6/25/2011 0:00,1028
13,1,6/29/2013 0:00,692
13,1,6/30/2012 0:00,1158
13,1,6/4/2011 0:00,1130
13,1,6/8/2013 0:00,788
13,1,6/9/2012 0:00,1218
13,1,7/13/2013 0:00,690
13,1,7/14/2012 0:00,560
13,1,7/16/2011 0:00,1066
13,1,7/2/2011 0:00,952
13,1,7/20/2013 0:00,530
13,1,7/21/2012 0:00,614
13,1,7/23/2011 0:00,810
13,1,7/27/2013 0:00,558
13,1,7/28/2012 0:00,594
13,1,7/30/2011 0:00,898
13,1,7/6/2013 0:00,636
13,1,7/7/2012 0:00,630
13,1,7/9/2011 0:00,868
13,1,8/10/2013 0:00,596
13,1,8/11/2012 0:00,730
13,1,8/13/2011 0:00,942
13,1,8/17/2013 0:00,466
13,1,8/18/2012 0:00,704
13,1,8/20/2011 0:00,902
13,1,8/24/2013 0:00,582
13,1,8/25/2012 0:00,704
13,1,8/27/2011 0:00,956
13,1,8/3/2013 0:00,554
13,1,8/31/2013 0:00,590
13,1,8/4/2012 0:00,676
13,1,8/6/2011 0:00,1112
13,1,9/1/2012 0:00,710
13,1,9/10/2011 0:00,870
13,1,9/14/2013 0:00,610
13,1,9/15/2012 0:00,782
13,1,9/17/2011 0:00,1022
13,1,9/21/2013 0:00,510
13,1,9/22/2012 0:00,1046
13,1,9/24/2011 0:00,1130
13,1,9/28/2013 0:00,622
13,1,9/29/2012 0:00,888
13,1,9/3/2011 0:00,976
13,1,9/7/2013 0:00,596
13,1,9/8/2012 0:00,806
14,1,1/1/2011 0:00,928
14,1,1/12/2013 0:00,1204
14,1,1/14/2012 0:00,900
14,1,1/15/2011 0:00,930
14,1,1/19/2013 0:00,1394
14,1,1/21/2012 0:00,990
14,1,1/22/2011 0:00,830
14,1,1/26/2013 0:00,1132
14,1,1/28/2012 0:00,906
14,1,1/29/2011 0:00,850
14,1,1/5/2013 0:00,1032
14,1,1/7/2012 0:00,756
14,1,1/8/2011 0:00,978
14,1,10/1/2011 0:00,360
14,1,10/12/2013 0:00,444
14,1,10/13/2012 0:00,400
14,1,10/15/2011 0:00,498
14,1,10/19/2013 0:00,434
14,1,10/20/2012 0:00,470
14,1,10/22/2011 0:00,478
14,1,10/26/2013 0:00,394
14,1,10/27/2012 0:00,540
14,1,10/29/2011 0:00,424
14,1,10/5/2013 0:00,400
14,1,10/6/2012 0:00,464
14,1,10/8/2011 0:00,500
14,1,11/10/2012 0:00,362
14,1,11/12/2011 0:00,448
14,1,11/13/2010 0:00,548
14,1,11/16/2013 0:00,582
14,1,11/17/2012 0:00,388
14,1,11/19/2011 0:00,480
14,1,11/20/2010 0:00,574
14,1,11/23/2013 0:00,636
14,1,11/24/2012 0:00,308
14,1,11/26/2011 0:00,470
14,1,11/27/2010 0:00,506
14,1,11/3/2012 0:00,304
14,1,11/30/2013 0:00,528
14,1,11/5/2011 0:00,424
14,1,11/6/2010 0:00,412
14,1,11/9/2013 0:00,522
14,1,12/1/2012 0:00,306
14,1,12/10/2011 0:00,566
14,1,12/11/2010 0:00,674
14,1,12/14/2013 0:00,674
14,1,12/15/2012 0:00,216
14,1,12/17/2011 0:00,608
14,1,12/18/2010 0:00,706
14,1,12/21/2013 0:00,742
14,1,12/22/2012 0:00,800
14,1,12/24/2011 0:00,698
14,1,12/25/2010 0:00,774
14,1,12/28/2013 0:00,694
14,1,12/29/2012 0:00,874
14,1,12/3/2011 0:00,460
14,1,12/31/2011 0:00,702
14,1,12/4/2010 0:00,628
14,1,12/7/2013 0:00,704
14,1,12/8/2012 0:00,302
14,1,2/11/2012 0:00,994
14,1,2/12/2011 0:00,948
14,1,2/16/2013 0:00,982
14,1,2/18/2012 0:00,984
14,1,2/19/2011 0:00,1004
14,1,2/2/2013 0:00,1228
14,1,2/23/2013 0:00,994
14,1,2/25/2012 0:00,954
14,1,2/26/2011 0:00,992
14,1,2/4/2012 0:00,1068
14,1,2/5/2011 0:00,924
14,1,2/9/2013 0:00,1166
14,1,3/10/2012 0:00,1016
14,1,3/12/2011 0:00,962
14,1,3/16/2013 0:00,946
14,1,3/17/2012 0:00,864
14,1,3/19/2011 0:00,906
14,1,3/2/2013 0:00,982
14,1,3/23/2013 0:00,964
14,1,3/24/2012 0:00,722
14,1,3/26/2011 0:00,706
14,1,3/3/2012 0:00,988
14,1,3/30/2013 0:00,974
14,1,3/31/2012 0:00,634
14,1,3/5/2011 0:00,1052
14,1,3/9/2013 0:00,1044
14,1,4/13/2013 0:00,1082
14,1,4/14/2012 0:00,528
14,1,4/16/2011 0:00,706
14,1,4/2/2011 0:00,792
14,1,4/20/2013 0:00,860
14,1,4/21/2012 0:00,634
14,1,4/23/2011 0:00,554
14,1,4/27/2013 0:00,690
14,1,4/28/2012 0:00,526
14,1,4/30/2011 0:00,446
14,1,4/6/2013 0:00,824
14,1,4/7/2012 0:00,628
14,1,4/9/2011 0:00,764
14,1,5/11/2013 0:00,798
14,1,5/12/2012 0:00,564
14,1,5/14/2011 0:00,482
14,1,5/18/2013 0:00,582
14,1,5/19/2012 0:00,586
14,1,5/21/2011 0:00,432
14,1,5/25/2013 0:00,554
14,1,5/26/2012 0:00,574
14,1,5/28/2011 0:00,448
14,1,5/4/2013 0:00,734
14,1,5/5/2012 0:00,634
14,1,5/7/2011 0:00,484
14,1,6/1/2013 0:00,656
14,1,6/11/2011 0:00,612
14,1,6/15/2013 0:00,566
14,1,6/16/2012 0:00,622
14,1,6/18/2011 0:00,506
14,1,6/2/2012 0:00,630
14,1,6/22/2013 0:00,554
14,1,6/23/2012 0:00,658
14,1,6/25/2011 0:00,458
14,1,6/29/2013 0:00,628
14,1,6/30/2012 0:00,648
14,1,6/4/2011 0:00,530
14,1,6/8/2013 0:00,658
14,1,6/9/2012 0:00,570
14,1,7/13/2013 0:00,656
14,1,7/14/2012 0:00,760
14,1,7/16/2011 0:00,500
14,1,7/2/2011 0:00,500
14,1,7/20/2013 0:00,710
14,1,7/21/2012 0:00,608
14,1,7/23/2011 0:00,584
14,1,7/27/2013 0:00,562
14,1,7/28/2012 0:00,588
14,1,7/30/2011 0:00,526
14,1,7/6/2013 0:00,622
14,1,7/7/2012 0:00,806
14,1,7/9/2011 0:00,544
14,1,8/10/2013 0:00,438
14,1,8/11/2012 0:00,634
14,1,8/13/2011 0:00,478
14,1,8/17/2013 0:00,464
14,1,8/18/2012 0:00,512
14,1,8/20/2011 0:00,376
14,1,8/24/2013 0:00,418
14,1,8/25/2012 0:00,410
14,1,8/27/2011 0:00,466
14,1,8/3/2013 0:00,472
14,1,8/31/2013 0:00,426
14,1,8/4/2012 0:00,590
14,1,8/6/2011 0:00,470
14,1,9/1/2012 0:00,442
14,1,9/10/2011 0:00,346
14,1,9/14/2013 0:00,496
14,1,9/15/2012 0:00,478
14,1,9/17/2011 0:00,370
14,1,9/21/2013 0:00,478
14,1,9/22/2012 0:00,508
14,1,9/24/2011 0:00,348
14,1,9/28/2013 0:00,412
14,1,9/29/2012 0:00,470
14,1,9/3/2011 0:00,292
14,1,9/7/2013 0:00,448
14,1,9/8/2012 0:00,474
15,1,1/1/2011 0:00,368
15,1,1/12/2013 0:00,312
15,1,1/14/2012 0:00,278
15,1,1/15/2011 0:00,330
15,1,1/19/2013 0:00,312
15,1,1/21/2012 0:00,276
15,1,1/22/2011 0:00,304
15,1,1/26/2013 0:00,372
15,1,1/28/2012 0:00,310
15,1,1/29/2011 0:00,272
15,1,1/5/2013 0:00,254
15,1,1/7/2012 0:00,320
15,1,1/8/2011 0:00,282
15,1,10/1/2011 0:00,108
15,1,10/12/2013 0:00,152
15,1,10/13/2012 0:00,96
15,1,10/15/2011 0:00,106
15,1,10/19/2013 0:00,150
15,1,10/20/2012 0:00,132
15,1,10/22/2011 0:00,142
15,1,10/26/2013 0:00,122
15,1,10/27/2012 0:00,114
15,1,10/29/2011 0:00,132
15,1,10/5/2013 0:00,138
15,1,10/6/2012 0:00,128
15,1,10/8/2011 0:00,112
15,1,11/10/2012 0:00,114
15,1,11/12/2011 0:00,176
15,1,11/13/2010 0:00,172
15,1,11/16/2013 0:00,152
15,1,11/17/2012 0:00,152
15,1,11/19/2011 0:00,144
15,1,11/20/2010 0:00,192
15,1,11/23/2013 0:00,156
15,1,11/24/2012 0:00,134
15,1,11/26/2011 0:00,156
15,1,11/27/2010 0:00,212
15,1,11/3/2012 0:00,146
15,1,11/30/2013 0:00,140
15,1,11/5/2011 0:00,142
15,1,11/6/2010 0:00,124
15,1,11/9/2013 0:00,148
15,1,12/1/2012 0:00,122
15,1,12/10/2011 0:00,170
15,1,12/11/2010 0:00,216
15,1,12/14/2013 0:00,184
15,1,12/15/2012 0:00,222
15,1,12/17/2011 0:00,208
15,1,12/18/2010 0:00,296
15,1,12/21/2013 0:00,220
15,1,12/22/2012 0:00,300
15,1,12/24/2011 0:00,224
15,1,12/25/2010 0:00,274
15,1,12/28/2013 0:00,212
15,1,12/29/2012 0:00,206
15,1,12/3/2011 0:00,138
15,1,12/31/2011 0:00,244
15,1,12/4/2010 0:00,186
15,1,12/7/2013 0:00,186
15,1,12/8/2012 0:00,170
15,1,2/11/2012 0:00,386
15,1,2/12/2011 0:00,276
15,1,2/16/2013 0:00,314
15,1,2/18/2012 0:00,310
15,1,2/19/2011 0:00,390
15,1,2/2/2013 0:00,416
15,1,2/23/2013 0:00,348
15,1,2/25/2012 0:00,344
15,1,2/26/2011 0:00,368
15,1,2/4/2012 0:00,264
15,1,2/5/2011 0:00,284
15,1,2/9/2013 0:00,370
15,1,3/10/2012 0:00,334
15,1,3/12/2011 0:00,348
15,1,3/16/2013 0:00,366
15,1,3/17/2012 0:00,316
15,1,3/19/2011 0:00,266
15,1,3/2/2013 0:00,332
15,1,3/23/2013 0:00,302
15,1,3/24/2012 0:00,218
15,1,3/26/2011 0:00,288
15,1,3/3/2012 0:00,304
15,1,3/30/2013 0:00,346
15,1,3/31/2012 0:00,200
15,1,3/5/2011 0:00,354
15,1,3/9/2013 0:00,402
15,1,4/13/2013 0:00,344
15,1,4/14/2012 0:00,188
15,1,4/16/2011 0:00,270
15,1,4/2/2011 0:00,202
15,1,4/20/2013 0:00,218
15,1,4/21/2012 0:00,228
15,1,4/23/2011 0:00,196
15,1,4/27/2013 0:00,196
15,1,4/28/2012 0:00,180
15,1,4/30/2011 0:00,154
15,1,4/6/2013 0:00,326
15,1,4/7/2012 0:00,178
15,1,4/9/2011 0:00,266
15,1,5/11/2013 0:00,158
15,1,5/12/2012 0:00,168
15,1,5/14/2011 0:00,188
15,1,5/18/2013 0:00,136
15,1,5/19/2012 0:00,138
15,1,5/21/2011 0:00,130
15,1,5/25/2013 0:00,164
15,1,5/26/2012 0:00,176
15,1,5/28/2011 0:00,138
15,1,5/4/2013 0:00,222
15,1,5/5/2012 0:00,210
15,1,5/7/2011 0:00,136
15,1,6/1/2013 0:00,162
15,1,6/11/2011 0:00,200
15,1,6/15/2013 0:00,120
15,1,6/16/2012 0:00,196
15,1,6/18/2011 0:00,122
15,1,6/2/2012 0:00,142
15,1,6/22/2013 0:00,140
15,1,6/23/2012 0:00,200
15,1,6/25/2011 0:00,106
15,1,6/29/2013 0:00,110
15,1,6/30/2012 0:00,154
15,1,6/4/2011 0:00,196
15,1,6/8/2013 0:00,138
15,1,6/9/2012 0:00,188
15,1,7/13/2013 0:00,158
15,1,7/14/2012 0:00,184
15,1,7/16/2011 0:00,156
15,1,7/2/2011 0:00,174
15,1,7/20/2013 0:00,188
15,1,7/21/2012 0:00,122
15,1,7/23/2011 0:00,184
15,1,7/27/2013 0:00,120
15,1,7/28/2012 0:00,148
15,1,7/30/2011 0:00,134
15,1,7/6/2013 0:00,160
15,1,7/7/2012 0:00,162
15,1,7/9/2011 0:00,146
15,1,8/10/2013 0:00,98
15,1,8/11/2012 0:00,176
15,1,8/13/2011 0:00,110
15,1,8/17/2013 0:00,88
15,1,8/18/2012 0:00,138
15,1,8/20/2011 0:00,116
15,1,8/24/2013 0:00,88
15,1,8/25/2012 0:00,104
15,1,8/27/2011 0:00,108
15,1,8/3/2013 0:00,138
15,1,8/31/2013 0:00,94
15,1,8/4/2012 0:00,128
15,1,8/6/2011 0:00,120
15,1,9/1/2012 0:00,144
15,1,9/10/2011 0:00,144
15,1,9/14/2013 0:00,106
15,1,9/15/2012 0:00,106
15,1,9/17/2011 0:00,114
15,1,9/21/2013 0:00,124
15,1,9/22/2012 0:00,150
15,1,9/24/2011 0:00,110
15,1,9/28/2013 0:00,86
15,1,9/29/2012 0:00,114
15,1,9/3/2011 0:00,110
15,1,9/7/2013 0:00,124
15,1,9/8/2012 0:00,142
